iter	RMSE
0	0.2488179473
1	0.2415879105
2	0.2370751741
3	0.2345981046
4	0.2299838736
